Customer_ID,Name,Age,Gender,City,Country
5001,Kathryn Guerrero,69,Male,Boonehaven,Bhutan
5002,Brian Brown,35,Female,New John,Saint Vincent and the Grenadines
5003,Mary Snyder,52,Male,Josephhaven,Lebanon
5004,William Kelley,49,Female,East Tammy,Malawi
5005,Susan Terry,29,Male,Stacychester,Croatia
5006,Richard Gates,27,Female,West Kaylatown,Indonesia
5007,Jacob Walker,47,Male,North Russellside,Pitcairn Islands
5008,Molly Hobbs,38,Female,East Caitlin,Albania
5009,Sylvia Kemp,40,Female,Rachelville,Andorra
5010,Walter White,33,Female,Churchton,Turks and Caicos Islands
5011,Gregory Collins,70,Female,Ralphburgh,Micronesia
5012,Monica Fletcher,39,Female,Kevinstad,Antigua and Barbuda
5013,Joshua Santiago,53,Female,Turnerfort,Holy See (Vatican City State)
5014,James Ray,45,Male,East Brenda,Canada
5015,Jessica Nguyen,44,Female,Phillipsbury,Saint Helena
5016,Darrell Fleming,54,Female,Port Edward,Armenia
5017,Sheila Thomas,53,Male,Michaelburgh,Vanuatu
5018,Darlene Anderson,44,Female,South Ariana,Barbados
5019,Jenna Green,69,Male,Samanthafurt,Sierra Leone
5020,Becky Fernandez,64,Male,North Anthony,Barbados
5021,Sheri Miller,66,Female,East Jenniferburgh,Cocos (Keeling) Islands
5022,Ashley Short,61,Female,East John,Sweden
5023,Larry Lewis,59,Female,Lake Denise,Turks and Caicos Islands
5024,William Barnes,63,Female,Williamburgh,Libyan Arab Jamahiriya
5025,Ashley Hawkins,25,Male,West Aprilview,Egypt
5026,Manuel Collins,59,Male,Sheppardton,Burundi
5027,Tracy Miller,64,Female,Hernandezland,Tokelau
5028,Jamie Smith DDS,40,Male,Briannastad,Mauritius
5029,Rebecca Walker,54,Male,Mccoymouth,Guinea
5030,Craig Hudson,48,Female,Wernermouth,China
5031,Kristen Smith,50,Male,Port Krystalmouth,Ecuador
5032,Miss Deborah Clark,24,Male,Baileyborough,Saint Vincent and the Grenadines
5033,Eric Webb,33,Female,New Patrickmouth,Solomon Islands
5034,Elizabeth Chang,61,Male,Thomashaven,Armenia
5035,Mary Patton,40,Male,Petersenview,Falkland Islands (Malvinas)
5036,Darlene Roberts,68,Male,Wilsonmouth,Solomon Islands
5037,Tiffany Evans,33,Female,Singletonfort,Korea
5038,Wayne King,49,Male,Port Adrian,French Southern Territories
5039,Brian Barnes,20,Female,Royborough,French Guiana
5040,Tyler Marquez,59,Male,New Alexandra,Lithuania
5041,Jason Barrett,59,Female,Amyberg,British Indian Ocean Territory (Chagos Archipelago)
5042,Bobby Smith,35,Male,South Alexander,Bahamas
5043,Tracy Taylor,31,Female,Angelaport,Singapore
5044,Ann Lawson,38,Male,North Brenda,Bolivia
5045,Ernest Bailey,38,Male,Pierceland,Uzbekistan
5046,Jessica Hines,64,Female,Moralesfort,Mongolia
5047,Christine Taylor,37,Male,Lake Barbara,American Samoa
5048,Ethan Simon,60,Female,New Cameron,Congo
5049,Nicholas Harper PhD,63,Male,Rebeccafurt,Croatia
5050,Matthew Bryan,46,Female,North David,Finland
5051,Cheryl Estrada,65,Female,Galvanport,South Africa
5052,Mrs. Nicole Brown,66,Female,North Kurt,Ethiopia
5053,Tammy Pacheco,39,Female,North Michael,Brunei Darussalam
5054,Jennifer Stone,66,Male,New Jamesshire,Spain
5055,Maria Booth,18,Male,Dayland,El Salvador
5056,Amanda Mitchell,42,Male,Johnsonfurt,Cambodia
5057,Kelly Strong,36,Female,West Williamburgh,Malawi
5058,Ashley Thompson,25,Female,Kingborough,Senegal
5059,Pamela Hill,64,Male,Bakerborough,Congo
5060,Jennifer Wallace,46,Female,Alexanderfurt,Norfolk Island
5061,John Hernandez,22,Female,Thompsonmouth,Kuwait
5062,Shawn Jones,42,Male,Reyesmouth,Germany
5063,Curtis Moore,58,Female,South Jasonport,Romania
5064,Jason Browning,51,Male,West John,Hungary
5065,Jenna Kirby,34,Female,Kennedyberg,Zimbabwe
5066,Christina Grant,32,Female,North Casey,Cayman Islands
5067,Edward Alvarez,70,Female,Williamchester,Saint Pierre and Miquelon
5068,Jeremy Anderson,21,Female,Markland,Aruba
5069,Angela Warren,27,Male,East Christopherbury,Singapore
5070,Scott Roberts,53,Female,West Joanton,Mauritania
5071,Allison Baldwin MD,41,Male,Soniaburgh,Poland
5072,Shelly Winters,34,Female,Martinezfurt,Macedonia
5073,Cynthia Barrett,36,Male,North Sharon,Sudan
5074,Vicki Snyder,26,Male,Port Lorraineview,Guinea
5075,Erin Clark,18,Female,Zacharybury,France
5076,Johnny Butler,63,Male,Martinezland,Barbados
5077,Benjamin Sullivan,55,Female,Davidshire,Burkina Faso
5078,Dennis Baxter,59,Male,West Rubenmouth,French Polynesia
5079,Thomas Horne,66,Female,South Shannonland,Greenland
5080,Vincent Mcdaniel,67,Male,West Lindsayport,French Polynesia
5081,Juan Richardson,28,Male,Timothyhaven,Guadeloupe
5082,Lynn Livingston,52,Female,Jessicaberg,Mauritius
5083,James Lewis,51,Female,Medinashire,Syrian Arab Republic
5084,Daniel Mueller,29,Female,South Christopherfurt,Australia
5085,Sara Lopez,33,Female,Roachland,Netherlands
5086,Martin Higgins,23,Female,Deannaport,Saint Martin
5087,Jason Daniel,64,Male,South Connie,Rwanda
5088,Susan Lopez,64,Female,West Tyler,Kyrgyz Republic
5089,Paul Grimes,19,Female,Francoshire,Swaziland
5090,Ryan Bryant,66,Female,Valentinetown,British Virgin Islands
5091,Calvin Webb,26,Male,Ashleyfurt,Cote d'Ivoire
5092,Amanda Barr,48,Female,Wattsview,Italy
5093,Charles Monroe,57,Female,Christineborough,Afghanistan
5094,Hannah Davis MD,37,Male,Christineburgh,Lao People's Democratic Republic
5095,Tyler Love,51,Male,North Sarah,Egypt
5096,Kelly Powers,44,Female,Haileymouth,Wallis and Futuna
5097,Maria Malone,37,Female,Lake Christopher,Italy
5098,Terri Bishop,54,Female,Diazside,Eritrea
5099,Ricardo Olson,68,Female,Port Cynthiaton,Cocos (Keeling) Islands
5100,Zachary Robbins,25,Male,Lake Charlesbury,Singapore
